[acrobatics] => [acrobatics]
[advancement] => [advancement]
[akatosh] => [akatosh]
[alchemy] => [alchemy]
[aldmeri] => [aldmeri]
[aldmeris] => [aldmeris]
[almalexia] => [almalexia]
[alteration] => [alteration]
[altmer] => [altmer]
[argonian] => [argonian]
[arkay] => [arkay]
[armorer] => [armorer]
[athletics] => [athletics]
[axe] => [axe]
[background] => [background]
[bandits] => [bandits]
[beds] => [beds]
[betmeri] => [betmeri]
[birthsign] => [birthsign]
[black marsh] => [black marsh]
[blades] => [blades]
[blades trainers] => [blades trainers]
[blessings] => [blessings]
[block] => [block]
[blunt weapon] => [blunt weapon]
[bosmer] => [bosmer]
[breton] => [breton]
[cave rat] => [cave rat]
[chimer] => [chimer]
[conjuration] => [conjuration]
[cyrodiil] => [cyrodiil]
[cyrodiilic brandy] => [cyrodiilic brandy]
[dark brotherhood] => [dark brotherhood]
[deposit funds] => [deposit funds]
[destruction] => [destruction]
[dibella] => [dibella]
[dunmer] => [dunmer]
[duties] => [duties]
[dwemer] => [dwemer]
[elsweyr] => [elsweyr]
[empire] => [empire]
[enchant] => [enchant]
[enchanters] => [enchanters]
[enchanting items] => [enchanting items]
[fighter disciplines] => [fighter disciplines]
[fighters guild] => [fighters guild]
[flin] => [flin]
[fortify potions] => [fortify potions]
[guard] => [guard]
[guild disciplines] => [guild disciplines]
[guild guide] => [guild guide]
[hammerfell] => [hammerfell]
[hand to hand] => [hand to hand]
[heavy armor] => [heavy armor]
[high rock] => [high rock]
[hlaalu company scrip] => [hlaalu company scrip]
[humanoid races] => [humanoid races]
[humans] => [humans]
[illusion] => [illusion]
[imperial] => [imperial]
[imperial cult] => [imperial cult]
[imperial cult doctrine] => [imperial cult doctrine]
[imperial culture] => [imperial culture]
[imperial office of census and excise] => [imperial office of census and excise]
[imperial provinces] => [imperial provinces]
[jobs] => [jobs]
[join the fighters guild] => [join the fighters guild]
[join the mages guild] => [join the mages guild]
[join the thieves guild] => [join the thieves guild]
[julianos] => [julianos]
[khajiit] => [khajiit]
[king orgnum] => [king orgnum]
[kynareth] => [kynareth]
[light armor] => [light armor]
[little advice] => [little advice]
[little secret] => [little secret]
[long blade] => [long blade]
[mage disciplines] => [mage disciplines]
[mages guild] => [mages guild]
[make amends] => [make amends]
[malahk orc] => [malahk orc]
[mara] => [mara]
[marksman] => [marksman]
[medium armor] => [medium armor]
[mercantile] => [mercantile]
[mercantile skills] => [mercantile skills]
[morrowind] => [morrowind]
[my trade] => [my trade]
[mysticism] => [mysticism]
[necromancy] => [necromancy]
[nine divines] => [nine divines]
[nord] => [nord]
[orc] => [orc]
[orders] => [orders]
[padomaic ocean] => [padomaic ocean]
[price on your head] => [price on your head]
[pyandonea] => [pyandonea]
[races] => [races]
[redguard] => [redguard]
[repay a loan] => [repay a loan]
[requirements] => [requirements]
[restoration] => [restoration]
[rules] => [rules]
[sea elves] => [sea elves]
[sea of ghosts] => [sea of ghosts]
[security] => [security]
[short blade] => [short blade]
[shrines] => [shrines]
[skooma] => [skooma]
[skyrim] => [skyrim]
[sneak] => [sneak]
[solstheim] => [solstheim]
[spear] => [spear]
[speechcraft] => [speechcraft]
[stealth disciplines] => [stealth disciplines]
[stendarr] => [stendarr]
[summerset isle] => [summerset isle]
[supply chests] => [supply chests]
[take out a loan] => [take out a loan]
[talos] => [talos]
[the empire] => [the empire]
[the rules] => [the rules]
[thieves guild] => [thieves guild]
[tiber septim] => [tiber septim]
[unarmored] => [unarmored]
[uriel septim] => [uriel septim]
[using enchantments] => [using enchantments]
[valenwood] => [valenwood]
[vampires] => [vampires]
[withdraw funds] => [withdraw funds]
[your account] => [your account]
[zenithar] => [zenithar]
